STATEFP,COUNTYFP,COUNTYNS,AFFGEOID,GEOID,NAME,LSAD,ALAND,AWATER,STATE,COUNTY,SUBREGION
1,51,161551,0500000US01051,1051,Elmore,6,1601876535,99850740,Alabama,Elmore,Southern
1,65,161558,0500000US01065,1065,Hale,6,1667804583,32525874,Alabama,Hale,Southern
1,117,161584,0500000US01117,1117,Shelby,6,2034095311,62562159,Alabama,Shelby,Southern
13,13,356976,0500000US13013,13013,Barrow,6,415349721,6642220,Georgia,Barrow,Southern
13,149,347067,0500000US13149,13149,Heard,6,766718985,13112095,Georgia,Heard,Southern
13,291,353193,0500000US13291,13291,Union,6,833844747,18273554,Georgia,Union,Southern
21,65,516879,0500000US21065,21065,Estill,6,655468669,6557897,Kentucky,Estill,Central
21,69,516881,0500000US21069,21069,Fleming,6,902720569,7183992,Kentucky,Fleming,Central
21,99,516896,0500000US21099,21099,Hart,6,1068314374,13912256,Kentucky,Hart,Central
21,125,516909,0500000US21125,21125,Laurel,6,1123945992,25218354,Kentucky,Laurel,Central
21,127,516910,0500000US21127,21127,Lawrence,6,1076386125,11584860,Kentucky,Lawrence,Central
21,131,516912,0500000US21131,21131,Leslie,6,1038212394,9331182,Kentucky,Leslie,Central
21,151,516919,0500000US21151,21151,Madison,6,1132604735,15425716,Kentucky,Madison,Central
21,189,516941,0500000US21189,21189,Owsley,6,511282949,2285945,Kentucky,Owsley,Central
21,195,516944,0500000US21195,21195,Pike,6,2037848118,4756854,Kentucky,Pike,Central
24,43,1714220,0500000US24043,24043,Washington,6,1185686686,24726569,Maryland,Washington,Northern
28,105,695775,0500000US28105,28105,Oktibbeha,6,1186750731,9649656,Mississippi,Oktibbeha,Southern
36,13,974105,0500000US36013,36013,Chautauqua,6,2745973929,1139483687,New York,Chautauqua,Northern
36,77,974137,0500000US36077,36077,Otsego,6,2594415308,36387176,New York,Otsego,Northern
37,27,1008541,0500000US37027,37027,Caldwell,6,1221349796,7115667,North Carolina,Caldwell,South Central
37,59,1008549,0500000US37059,37059,Davie,6,683500924,7616445,North Carolina,Davie,South Central
37,87,1008561,0500000US37087,37087,Haywood,6,1434071556,2414518,North Carolina,Haywood,South Central
37,111,1025836,0500000US37111,37111,McDowell,6,1141169556,13956785,North Carolina,McDowell,South Central
37,121,1008571,0500000US37121,37121,Mitchell,6,573522064,1679903,North Carolina,Mitchell,South Central
37,175,1008589,0500000US37175,37175,Transylvania,6,980388876,5135255,North Carolina,Transylvania,South Central
37,199,1008598,0500000US37199,37199,Yancey,6,809619000,1458826,North Carolina,Yancey,South Central
42,35,1214721,0500000US42035,42035,Clinton,6,2299868232,23178794,Pennsylvania,Clinton,Northern
42,59,1214033,0500000US42059,42059,Greene,6,1491700970,5253864,Pennsylvania,Greene,Northern
42,63,1213673,0500000US42063,42063,Indiana,6,2141999553,18812180,Pennsylvania,Indiana,Northern
42,67,1209180,0500000US42067,42067,Juniata,6,1013592889,5606074,Pennsylvania,Juniata,Northern
42,111,1209188,0500000US42111,42111,Somerset,6,2782597179,17002814,Pennsylvania,Somerset,Northern
45,21,1247987,0500000US45021,45021,Cherokee,6,1016985344,11701051,South Carolina,Cherokee,Southern
45,45,1245489,0500000US45045,45045,Greenville,6,2033546625,25132343,South Carolina,Greenville,Southern
47,13,1639728,0500000US47013,47013,Campbell,6,1243580189,46494677,Tennessee,Campbell,Central
47,19,1639730,0500000US47019,47019,Carter,6,883711368,16656888,Tennessee,Carter,South Central
47,29,1639734,0500000US47029,47029,Cocke,6,1125573126,22116606,Tennessee,Cocke,South Central
47,49,1639743,0500000US47049,47049,Fentress,6,1291421150,829331,Tennessee,Fentress,Central
47,121,1639775,0500000US47121,47121,Meigs,6,505379349,55995294,Tennessee,Meigs,South Central
47,159,1639791,0500000US47159,47159,Smith,6,814004435,28706410,Tennessee,Smith,South Central
51,185,1497748,0500000US51185,51185,Tazewell,6,1343806837,2913086,Virginia,Tazewell,Central
54,5,1550009,0500000US54005,54005,Boone,6,1298993469,4284345,West Virginia,Boone,Central
54,17,1689476,0500000US54017,54017,Doddridge,6,828070481,1958441,West Virginia,Doddridge,North Central
54,39,1550026,0500000US54039,54039,Kanawha,6,2335953946,23318622,West Virginia,Kanawha,North Central
54,45,1550029,0500000US54045,54045,Logan,6,1175209714,4830097,West Virginia,Logan,Central
54,47,1689162,0500000US54047,54047,McDowell,6,1381646920,3733264,West Virginia,McDowell,Central
54,67,1550040,0500000US54067,54067,Nicholas,6,1675296013,19608975,West Virginia,Nicholas,North Central
54,81,1550047,0500000US54081,54081,Raleigh,6,1567864571,10336249,West Virginia,Raleigh,North Central
54,107,1560558,0500000US54107,54107,Wood,6,948609303,27211266,West Virginia,Wood,North Central
1,49,161550,0500000US01049,1049,DeKalb,6,2012664317,4121538,Alabama,De Kalb,Southern
1,87,161569,0500000US01087,1087,Macon,6,1577005077,11195999,Alabama,Macon,Southern
1,95,161574,0500000US01095,1095,Marshall,6,1465524083,148503229,Alabama,Marshall,Southern
1,115,164997,0500000US01115,1115,St. Clair,6,1636625209,56293578,Alabama,St. Clair,Southern
1,121,161586,0500000US01121,1121,Talladega,6,1908244139,60939223,Alabama,Talladega,Southern
21,11,516852,0500000US21011,21011,Bath,6,722081571,13486212,Kentucky,Bath,Central
21,25,516859,0500000US21025,21025,Breathitt,6,1275350089,7392268,Kentucky,Breathitt,Central
21,43,516868,0500000US21043,21043,Carter,6,1060590189,6800548,Kentucky,Carter,Central
21,49,516871,0500000US21049,21049,Clark,6,653878186,6973063,Kentucky,Clark,Central
21,71,516882,0500000US21071,21071,Floyd,6,1018763009,6108909,Kentucky,Floyd,Central
21,95,516894,0500000US21095,21095,Harlan,6,1206487448,6016646,Kentucky,Harlan,Central
21,109,516901,0500000US21109,21109,Jackson,6,894055728,3407438,Kentucky,Jackson,Central
21,119,516906,0500000US21119,21119,Knott,6,910435499,3453309,Kentucky,Knott,Central
21,121,516907,0500000US21121,21121,Knox,6,1000508841,3753811,Kentucky,Knox,Central
21,135,516914,0500000US21135,21135,Lewis,6,1250570705,32492708,Kentucky,Lewis,Central
21,153,516920,0500000US21153,21153,Magoffin,6,798866499,1847051,Kentucky,Magoffin,Central
21,159,516923,0500000US21159,21159,Martin,6,594682183,2564962,Kentucky,Martin,Central
21,181,516937,0500000US21181,21181,Nicholas,6,505491181,4305022,Kentucky,Nicholas,Central
21,193,516943,0500000US21193,21193,Perry,6,879750124,7603771,Kentucky,Perry,Central
21,231,516962,0500000US21231,21231,Wayne,6,1186685565,67286710,Kentucky,Wayne,Central
24,1,1713506,0500000US24001,24001,Allegany,6,1098572104,14940164,Maryland,Allegany,Northern
13,137,351383,0500000US13137,13137,Habersham,6,716754762,5917259,Georgia,Habersham,Southern
13,143,350637,0500000US13143,13143,Haralson,6,730805104,2616000,Georgia,Haralson,Southern
13,157,349570,0500000US13157,13157,Jackson,6,879716380,8906549,Georgia,Jackson,Southern
13,195,1688004,0500000US13195,13195,Madison,6,731184844,8484618,Georgia,Madison,Southern
13,313,353513,0500000US13313,13313,Whitfield,6,752293531,1533754,Georgia,Whitfield,Southern
36,25,974111,0500000US36025,36025,Delaware,6,3735954321,64714610,New York,Delaware,Northern
37,23,1008539,0500000US37023,37023,Burke,6,1313431561,20607589,North Carolina,Burke,South Central
37,75,1008555,0500000US37075,37075,Graham,6,756452129,24827675,North Carolina,Graham,South Central
37,89,1008562,0500000US37089,37089,Henderson,6,966284831,5559438,North Carolina,Henderson,South Central
37,149,1008579,0500000US37149,37149,Polk,6,615839220,1964035,North Carolina,Polk,South Central
37,161,1008584,0500000US37161,37161,Rutherford,6,1460866914,4676879,North Carolina,Rutherford,South Central
28,87,695767,0500000US28087,28087,Lowndes,6,1309077217,28560500,Mississippi,Lowndes,Southern
28,103,695774,0500000US28103,28103,Noxubee,6,1800451878,12487979,Mississippi,Noxubee,Southern
28,141,695791,0500000US28141,28141,Tishomingo,6,1098939230,52359814,Mississippi,Tishomingo,Southern
51,17,1673638,0500000US51017,51017,Bath,6,1370514973,14044111,Virginia,Bath,South Central
51,23,1674418,0500000US51023,51023,Botetourt,6,1401713911,12188503,Virginia,Botetourt,South Central
51,77,1501196,0500000US51077,51077,Grayson,6,1145220897,9797891,Virginia,Grayson,South Central
51,121,1674630,0500000US51121,51121,Montgomery,6,1001065265,5807436,Virginia,Montgomery + Radford city,South Central
51,163,1480166,0500000US51163,51163,Rockbridge,6,1547664064,8845046,Virginia,Rockbridge + Buena Vista city + Lexington city,South Central
51,191,1498359,0500000US51191,51191,Washington,6,1452917761,12999433,Virginia,Washington + Bristol city,South Central
51,195,1496656,0500000US51195,51195,Wise,6,1044260774,5277225,Virginia,Wise + Norton city,Central
54,3,1550008,0500000US54003,54003,Berkeley,6,831766636,1061824,West Virginia,Berkeley,North Central
54,7,1550010,0500000US54007,54007,Braxton,6,1322996693,14144661,West Virginia,Braxton,North Central
54,19,1560095,0500000US54019,54019,Fayette,6,1713485858,17527378,West Virginia,Fayette,North Central
54,27,1718644,0500000US54027,54027,Hampshire,6,1658559627,10969233,West Virginia,Hampshire,North Central
54,37,1550025,0500000US54037,54037,Jefferson,6,542732146,5491067,West Virginia,Jefferson,North Central
54,41,1550027,0500000US54041,54041,Lewis,6,1002099077,7081051,West Virginia,Lewis,North Central
54,43,1550028,0500000US54043,54043,Lincoln,6,1131925075,4023478,West Virginia,Lincoln,Central
54,57,1717890,0500000US54057,54057,Mineral,6,849080971,3595062,West Virginia,Mineral,North Central
54,65,1557950,0500000US54065,54065,Morgan,6,593295476,1401570,West Virginia,Morgan,North Central
54,71,1550042,0500000US54071,54071,Pendleton,6,1802790562,5437237,West Virginia,Pendleton,North Central
54,75,1550044,0500000US54075,54075,Pocahontas,6,2435344905,3978619,West Virginia,Pocahontas,North Central
54,93,1689423,0500000US54093,54093,Tucker,6,1085589879,5528932,West Virginia,Tucker,North Central
54,99,1550056,0500000US54099,54099,Wayne,6,1310504123,15860720,West Virginia,Wayne,Central
1,71,161561,0500000US01071,1071,Jackson,6,2791663770,126657151,Alabama,Jackson,Southern
42,3,1213657,0500000US42003,42003,Allegheny,6,1890889518,37411670,Pennsylvania,Allegheny,Northern
42,33,1209175,0500000US42033,42033,Clearfield,6,2964817439,23932649,Pennsylvania,Clearfield,Northern
42,51,1209179,0500000US42051,42051,Fayette,6,2046968033,20644021,Pennsylvania,Fayette,Northern
42,61,1213672,0500000US42061,42061,Huntingdon,6,2265337402,37851955,Pennsylvania,Huntingdon,Northern
42,89,1209184,0500000US42089,42089,Monroe,6,1575560089,23131029,Pennsylvania,Monroe,Northern
42,99,1213682,0500000US42099,42099,Perry,6,1428233551,10589698,Pennsylvania,Perry,Northern
42,127,1213692,0500000US42127,42127,Wayne,6,1879307105,64774622,Pennsylvania,Wayne,Northern
45,7,1247981,0500000US45007,45007,Anderson,6,1853026075,108724190,South Carolina,Anderson,Southern
45,73,1244832,0500000US45073,45073,Oconee,6,1622113934,122274812,South Carolina,Oconee,Southern
45,83,1248592,0500000US45083,45083,Spartanburg,6,2092617463,29211228,South Carolina,Spartanburg,Southern
47,31,1639735,0500000US47031,47031,Coffee,6,1111007249,14482605,Tennessee,Coffee,South Central
47,35,1639736,0500000US47035,47035,Cumberland,6,1763849866,9823729,Tennessee,Cumberland,South Central
47,59,1639747,0500000US47059,47059,Greene,6,1611346226,5099735,Tennessee,Greene,South Central
47,65,1639749,0500000US47065,47065,Hamilton,6,1404937551,86586076,Tennessee,Hamilton,South Central
47,89,1639759,0500000US47089,47089,Jefferson,6,711854966,102190541,Tennessee,Jefferson,South Central
47,107,1639773,0500000US47107,47107,McMinn,6,1114009043,5340572,Tennessee,McMinn,South Central
47,123,1639776,0500000US47123,47123,Monroe,6,1646119060,44007085,Tennessee,Monroe,South Central
47,143,1639784,0500000US47143,47143,Rhea,6,816823020,54463362,Tennessee,Rhea,South Central
47,155,1639789,0500000US47155,47155,Sevier,6,1534597705,13491682,Tennessee,Sevier,South Central
47,185,1639800,0500000US47185,47185,White,6,975592099,7113368,Tennessee,White,South Central
47,91,1639760,0500000US47091,47091,Johnson,6,773046196,11001626,Tennessee,Johnson,South Central
54,59,1550036,0500000US54059,54059,Mingo,6,1095914379,2190076,West Virginia,Mingo,Central
54,95,1678706,0500000US54095,54095,Tyler,6,663797704,11403003,West Virginia,Tyler,North Central
42,31,1210234,0500000US42031,42031,Clarion,6,1556153772,23335886,Pennsylvania,Clarion,Northern
42,113,1213687,0500000US42113,42113,Sullivan,6,1165338400,6617028,Pennsylvania,Sullivan,Northern
13,311,326781,0500000US13311,13311,White,6,623402120,3912787,Georgia,White,Southern
21,147,516926,0500000US21147,21147,McCreary,6,1105417080,10730756,Kentucky,McCreary,Central
28,57,695752,0500000US28057,28057,Itawamba,6,1379914599,19843967,Mississippi,Itawamba,Southern
36,9,974103,0500000US36009,36009,Cattaraugus,6,3388637065,36604688,New York,Cattaraugus,Northern
47,25,1639733,0500000US47025,47025,Claiborne,6,1125572374,18099460,Tennessee,Claiborne,Central
47,105,1639767,0500000US47105,47105,Loudon,6,593758833,46926070,Tennessee,Loudon,South Central
51,141,1497999,0500000US51141,51141,Patrick,6,1251234938,7142556,Virginia,Patrick,South Central
51,167,1497573,0500000US51167,51167,Russell,6,1227192283,7593493,Virginia,Russell,Central
54,25,1557518,0500000US54025,54025,Greenbrier,6,2640888946,12578876,West Virginia,Greenbrier,North Central
36,17,974107,0500000US36017,36017,Chenango,6,2314302567,13138247,New York,Chenango,Northern
37,173,1008588,0500000US37173,37173,Swain,6,1367503608,32685933,North Carolina,Swain,South Central
39,167,1074095,0500000US39167,39167,Washington,6,1636799193,20784911,Ohio,Washington,North Central
51,27,1497431,0500000US51027,51027,Buchanan,6,1302149875,2797157,Virginia,Buchanan,Central
54,109,1550061,0500000US54109,54109,Wyoming,6,1293573973,6126986,West Virginia,Wyoming,Central
21,203,516948,0500000US21203,21203,Rockcastle,6,819848738,4016362,Kentucky,Rockcastle,Central
1,33,161542,0500000US01033,1033,Colbert,6,1534878331,80030048,Alabama,Colbert,Southern
21,235,516964,0500000US21235,21235,Whitley,6,1133976298,18875138,Kentucky,Whitley,Central
21,79,516886,0500000US21079,21079,Garrard,6,595898797,10017658,Kentucky,Garrard,Central
37,193,1008595,0500000US37193,37193,Wilkes,6,1953561144,6851576,North Carolina,Wilkes,South Central
47,57,1648575,0500000US47057,47057,Grainger,6,726729365,56637201,Tennessee,Grainger,Central
47,145,1639785,0500000US47145,47145,Roane,6,934278752,88706711,Tennessee,Roane,South Central
51,21,1494613,0500000US51021,51021,Bland,6,926515823,2585515,Virginia,Bland,South Central
54,83,1550048,0500000US54083,54083,Randolph,6,2692796583,667359,West Virginia,Randolph,North Central
1,73,161562,0500000US01073,1073,Jefferson,6,2878198239,32472131,Alabama,Jefferson,Southern
21,133,516913,0500000US21133,21133,Letcher,6,875193080,2898571,Kentucky,Letcher,Central
51,105,1496538,0500000US51105,51105,Lee,6,1127988664,4896425,Virginia,Lee,Central
54,33,1718426,0500000US54033,54033,Harrison,6,1077454953,1320319,West Virginia,Harrison,North Central
47,93,1639761,0500000US47093,47093,Knox,6,1316273990,45712672,Tennessee,Knox,South Central
42,129,1209191,0500000US42129,42129,Westmoreland,6,2661370994,22050456,Pennsylvania,Westmoreland,Northern
1,15,161533,0500000US01015,1015,Calhoun,6,1569245411,16568577,Alabama,Calhoun,Southern
24,23,1711058,0500000US24023,24023,Garrett,6,1675988217,22363868,Maryland,Garrett,Northern
42,97,1209186,0500000US42097,42097,Northumberland,6,1187166422,49616021,Pennsylvania,Northumberland,Northern
47,9,1639726,0500000US47009,47009,Blount,6,1447032438,20308084,Tennessee,Blount,South Central
47,129,1639778,0500000US47129,47129,Morgan,6,1352427852,823017,Tennessee,Morgan,Central
1,59,161555,0500000US01059,1059,Franklin,6,1641578182,32907210,Alabama,Franklin,Southern
37,113,1025833,0500000US37113,37113,Macon,6,1335302153,10722085,North Carolina,Macon,South Central
1,17,161534,0500000US01017,1017,Chambers,6,1545009121,17048126,Alabama,Chambers,Southern
1,21,161536,0500000US01021,1021,Chilton,6,1794482899,20586310,Alabama,Chilton,Southern
1,27,161539,0500000US01027,1027,Clay,6,1564252367,5284573,Alabama,Clay,Southern
1,29,161540,0500000US01029,1029,Cleburne,6,1450663941,2354898,Alabama,Cleburne,Southern
1,37,161544,0500000US01037,1037,Coosa,6,1685891509,39946563,Alabama,Coosa,Southern
1,75,161563,0500000US01075,1075,Lamar,6,1566544639,1600679,Alabama,Lamar,Southern
1,93,161573,0500000US01093,1093,Marion,6,1922527480,3313159,Alabama,Marion,Southern
1,103,161578,0500000US01103,1103,Morgan,6,1500534815,51006061,Alabama,Morgan,Southern
1,133,161592,0500000US01133,1133,Winston,6,1587616107,48922726,Alabama,Winston,Southern
13,83,347465,0500000US13083,13083,Dade,6,450605327,467844,Georgia,Dade,Southern
13,111,351094,0500000US13111,13111,Fannin,6,1002370114,13560718,Georgia,Fannin,Southern
13,117,1673358,0500000US13117,13117,Forsyth,6,580297280,59743068,Georgia,Forsyth,Southern
13,233,343585,0500000US13233,13233,Polk,6,803772833,4667496,Georgia,Polk,Southern
13,257,350028,0500000US13257,13257,Stephens,6,463948062,13121983,Georgia,Stephens,Southern
13,295,354216,0500000US13295,13295,Walker,6,1156146017,1672676,Georgia,Walker,Southern
37,189,1008594,0500000US37189,37189,Watauga,6,809500164,2341456,North Carolina,Watauga,South Central
28,95,695771,0500000US28095,28095,Monroe,6,1981577561,18141269,Mississippi,Monroe,Southern
28,115,695803,0500000US28115,28115,Pontotoc,6,1289142874,8496511,Mississippi,Pontotoc,Southern
28,159,695800,0500000US28159,28159,Winston,6,1572731671,7383407,Mississippi,Winston,Southern
28,161,695801,0500000US28161,28161,Yalobusha,6,1209858143,72197127,Mississippi,Yalobusha,Southern
39,1,1074014,0500000US39001,39001,Adams,6,1512208937,6165939,Ohio,Adams,North Central
39,7,1074017,0500000US39007,39007,Ashtabula,6,1818008353,1724826028,Ohio,Ashtabula,Northern
39,9,1074018,0500000US39009,39009,Athens,6,1304383717,12463892,Ohio,Athens,North Central
39,19,1074022,0500000US39019,39019,Carroll,6,1022030960,11192655,Ohio,Carroll,Northern
39,25,1074025,0500000US39025,39025,Clermont,6,1170958242,19831108,Ohio,Clermont,North Central
39,53,1074039,0500000US39053,39053,Gallia,6,1208307869,12085302,Ohio,Gallia,North Central
39,131,1074078,0500000US39131,39131,Pike,6,1140324458,9567612,Ohio,Pike,North Central
39,155,1074089,0500000US39155,39155,Trumbull,6,1601379252,47321072,Ohio,Trumbull,Northern
39,13,1065575,0500000US39013,39013,Belmont,6,1378208959,23686007,Ohio,Belmont,Northern
39,67,1074046,0500000US39067,39067,Harrison,6,1042034966,21847164,Ohio,Harrison,Northern
39,121,1074073,0500000US39121,39121,Noble,6,1030845399,16985543,Ohio,Noble,North Central
39,73,1074049,0500000US39073,39073,Hocking,6,1091228516,5962792,Ohio,Hocking,North Central
36,97,974146,0500000US36097,36097,Schuyler,6,850379110,36246374,New York,Schuyler,Northern
21,13,516853,0500000US21013,21013,Bell,6,929806701,5480741,Kentucky,Bell,Central
36,107,974151,0500000US36107,36107,Tioga,6,1343192586,11059913,New York,Tioga,Northern
21,45,516869,0500000US21045,21045,Casey,6,1150557995,3892620,Kentucky,Casey,Central
28,13,695731,0500000US28013,28013,Calhoun,6,1519218200,3590395,Mississippi,Calhoun,Southern
21,137,516915,0500000US21137,21137,Lincoln,6,861773600,9315415,Kentucky,Lincoln,Central
21,171,516932,0500000US21171,21171,Monroe,6,853073346,6949352,Kentucky,Monroe,Central
37,169,1008586,0500000US37169,37169,Stokes,6,1162543117,17531433,North Carolina,Stokes,South Central
21,199,516946,0500000US21199,21199,Pulaski,6,1705274603,48546597,Kentucky,Pulaski,Central
47,139,1639782,0500000US47139,47139,Polk,6,1125794510,19834175,Tennessee,Polk,South Central
47,153,1652643,0500000US47153,47153,Sequatchie,6,688550858,498314,Tennessee,Sequatchie,South Central
47,177,1639796,0500000US47177,47177,Warren,6,1120635693,3508325,Tennessee,Warren,South Central
51,197,1501379,0500000US51197,51197,Wythe,6,1196123390,7310964,Virginia,Wythe,South Central
42,19,1213661,0500000US42019,42019,Butler,6,2042451168,15948239,Pennsylvania,Butler,Northern
42,53,1213669,0500000US42053,42053,Forest,6,1106625250,8355296,Pennsylvania,Forest,Northern
51,720,1498434,0500000US51720,51720,Norton,25,19375326,89169,,,
42,73,1213676,0500000US42073,42073,Lawrence,6,927644464,11783868,Pennsylvania,Lawrence,Northern
42,83,1210235,0500000US42083,42083,McKean,6,2536106035,13010718,Pennsylvania,McKean,Northern
42,105,1213684,0500000US42105,42105,Potter,6,2800606026,559779,Pennsylvania,Potter,Northern
42,115,1213688,0500000US42115,42115,Susquehanna,6,2132881571,22356562,Pennsylvania,Susquehanna,Northern
42,121,1213690,0500000US42121,42121,Venango,6,1746387420,22148537,Pennsylvania,Venango,Northern
54,11,1550012,0500000US54011,54011,Cabell,6,727838068,18122000,West Virginia,Cabell,North Central
54,15,1550014,0500000US54015,54015,Clay,6,885617251,4862445,West Virginia,Clay,North Central
54,49,1718173,0500000US54049,54049,Marion,6,799642465,7186184,West Virginia,Marion,North Central
54,73,1678557,0500000US54073,54073,Pleasants,6,336965609,11510007,West Virginia,Pleasants,North Central
54,97,1696800,0500000US54097,54097,Upshur,6,918506896,302703,West Virginia,Upshur,North Central
54,101,1550057,0500000US54101,54101,Webster,6,1433475688,7148637,West Virginia,Webster,North Central
39,163,1074093,0500000US39163,39163,Vinton,6,1068008729,6781201,Ohio,Vinton,North Central
47,87,1639758,0500000US47087,47087,Jackson,6,799338036,28227391,Tennessee,Jackson,Central
47,101,1639765,0500000US47101,47101,Lewis,6,730608074,1031592,Tennessee,Lewis,South Central
47,115,1639770,0500000US47115,47115,Marion,6,1290227365,36501982,Tennessee,Marion,South Central
13,55,352213,0500000US13055,13055,Chattooga,6,811512405,570806,Georgia,Chattooga,Southern
21,129,516911,0500000US21129,21129,Lee,6,540937712,6215038,Kentucky,Lee,Central
13,57,1685718,0500000US13057,13057,Cherokee,6,1092190453,32938535,Georgia,Cherokee,Southern
21,173,516933,0500000US21173,21173,Montgomery,6,511177440,3859635,Kentucky,Montgomery,Central
21,201,516947,0500000US21201,21201,Robertson,6,258768323,484952,Kentucky,Robertson,Central
13,85,351312,0500000US13085,13085,Dawson,6,546042942,9271910,Georgia,Dawson,Southern
1,57,161554,0500000US01057,1057,Fayette,6,1625693286,4330881,Alabama,Fayette,Southern
1,77,161564,0500000US01077,1077,Lauderdale,6,1729334078,134420924,Alabama,Lauderdale,Southern
1,83,161567,0500000US01083,1083,Limestone,6,1450234553,122373517,Alabama,Limestone,Southern
47,63,1648576,0500000US47063,47063,Hamblen,6,417437884,37890943,Tennessee,Hamblen,South Central
1,111,161582,0500000US01111,1111,Randolph,6,1503616100,9285296,Alabama,Randolph,Southern
1,125,161588,0500000US01125,1125,Tuscaloosa,6,3423119895,76604723,Alabama,Tuscaloosa,Southern
13,115,353665,0500000US13115,13115,Floyd,6,1320694741,22123843,Georgia,Floyd,Southern
13,123,351260,0500000US13123,13123,Gilmer,6,1103983751,12186837,Georgia,Gilmer,Southern
13,129,356672,0500000US13129,13129,Gordon,6,921538728,5787828,Georgia,Gordon,Southern
54,1,1696996,0500000US54001,54001,Barbour,6,883338731,4639232,West Virginia,Barbour,North Central
21,205,516949,0500000US21205,21205,Rowan,6,724672202,16753503,Kentucky,Rowan,Central
21,165,516929,0500000US21165,21165,Menifee,6,527282799,6085060,Kentucky,Menifee,Central
21,19,516856,0500000US21019,21019,Boyd,6,414053932,5581247,Kentucky,Boyd,Central
21,87,516890,0500000US21087,21087,Green,6,740837706,7123457,Kentucky,Green,Central
13,11,349230,0500000US13011,13011,Banks,6,601112274,4651151,Georgia,Banks,Southern
21,53,516873,0500000US21053,21053,Clinton,6,510864252,21164150,Kentucky,Clinton,Central
21,169,516931,0500000US21169,21169,Metcalfe,6,750178413,3999881,Kentucky,Metcalfe,Central
21,207,516950,0500000US21207,21207,Russell,6,656969515,75674970,Kentucky,Russell,Central
39,71,1074048,0500000US39071,39071,Highland,6,1432479997,12194983,Ohio,Highland,North Central
39,79,1074052,0500000US39079,39079,Jackson,6,1088581966,3184785,Ohio,Jackson,North Central
39,99,1074062,0500000US39099,39099,Mahoning,6,1065799596,35434368,Ohio,Mahoning,Northern
36,3,974100,0500000US36003,36003,Allegany,6,2665875175,13153776,New York,Allegany,Northern
36,7,974102,0500000US36007,36007,Broome,6,1827924125,25248477,New York,Broome,Northern
36,15,974106,0500000US36015,36015,Chemung,6,1055038636,8874334,New York,Chemung,Northern
39,31,1074028,0500000US39031,39031,Coshocton,6,1460530890,9243185,Ohio,Coshocton,Northern
13,15,351604,0500000US13015,13015,Bartow,6,1190219024,27368325,Georgia,Bartow,Southern
13,47,353230,0500000US13047,13047,Catoosa,6,419999438,771159,Georgia,Catoosa,Southern
13,187,357196,0500000US13187,13187,Lumpkin,6,732793278,3273370,Georgia,Lumpkin,Southern
36,95,974145,0500000US36095,36095,Schoharie,6,1610503573,11676949,New York,Schoharie,Northern
36,109,974152,0500000US36109,36109,Tompkins,6,1229335864,43793070,New York,Tompkins,Northern
37,3,1008532,0500000US37003,37003,Alexander,6,673318901,9433708,North Carolina,Alexander,South Central
37,5,1008533,0500000US37005,37005,Alleghany,6,608802906,3853005,North Carolina,Alleghany,South Central
37,171,1008587,0500000US37171,37171,Surry,6,1378305039,10715035,North Carolina,Surry,South Central
42,5,1213658,0500000US42005,42005,Armstrong,6,1691786924,27556957,Pennsylvania,Armstrong,Northern
47,41,1639738,0500000US47041,47041,DeKalb,6,788261385,63808936,Tennessee,De Kalb,South Central
21,1,516847,0500000US21001,21001,Adair,6,1049678094,18430783,Kentucky,Adair,Central
51,45,1673664,0500000US51045,51045,Craig,6,853490643,2797724,Virginia,Craig,South Central
51,71,1494551,0500000US51071,51071,Giles,6,921560258,11925828,Virginia,Giles,South Central
21,115,516904,0500000US21115,21115,Johnson,6,678468094,5639298,Kentucky,Johnson,Central
51,169,1498172,0500000US51169,51169,Scott,6,1387008821,8060238,Virginia,Scott,Central
51,173,1500545,0500000US51173,51173,Smyth,6,1167904202,3519357,Virginia,Smyth,South Central
42,7,1214112,0500000US42007,42007,Beaver,6,1125901160,24165972,Pennsylvania,Beaver,Northern
42,9,1209171,0500000US42009,42009,Bedford,6,2621836590,11935889,Pennsylvania,Bedford,Northern
42,13,1213659,0500000US42013,42013,Blair,6,1361815246,3285511,Pennsylvania,Blair,Northern
42,21,1213662,0500000US42021,42021,Cambria,6,1782823041,13677375,Pennsylvania,Cambria,Northern
42,37,1213665,0500000US42037,42037,Columbia,6,1251240675,18266325,Pennsylvania,Columbia,Northern
42,65,1213674,0500000US42065,42065,Jefferson,6,1689784200,11321806,Pennsylvania,Jefferson,Northern
42,69,1213675,0500000US42069,42069,Lackawanna,6,1188215428,15896171,Pennsylvania,Lackawanna,Northern
42,79,1209183,0500000US42079,42079,Luzerne,6,2305974191,41240056,Pennsylvania,Luzerne,Northern
54,55,1557645,0500000US54055,54055,Mercer,6,1085127232,4432913,West Virginia,Mercer,North Central
54,61,1550037,0500000US54061,54061,Monongalia,6,932572492,15051916,West Virginia,Monongalia,North Central
42,81,1213677,0500000US42081,42081,Lycoming,6,3182060991,39457017,Pennsylvania,Lycoming,Northern
42,107,1213685,0500000US42107,42107,Schuylkill,6,2016645898,10834897,Pennsylvania,Schuylkill,Northern
54,89,1557805,0500000US54089,54089,Summers,6,933832340,18575981,West Virginia,Summers,North Central
42,119,1213689,0500000US42119,42119,Union,6,818399145,4639329,Pennsylvania,Union,Northern
39,105,1074065,0500000US39105,39105,Meigs,6,1113958479,7519824,Ohio,Meigs,North Central
28,19,695734,0500000US28019,28019,Choctaw,6,1083088569,4331852,Mississippi,Choctaw,Southern
28,25,695737,0500000US28025,28025,Clay,6,1062066012,15393112,Mississippi,Clay,Southern
54,87,1550050,0500000US54087,54087,Roane,6,1252422376,404682,West Virginia,Roane,North Central
1,19,161535,0500000US01019,1019,Cherokee,6,1434128031,119806782,Alabama,Cherokee,Southern
28,155,695798,0500000US28155,28155,Webster,6,1090223314,5935288,Mississippi,Webster,Southern
1,123,161587,0500000US01123,1123,Tallapoosa,6,1855779799,128809185,Alabama,Tallapoosa,Southern
28,107,695776,0500000US28107,28107,Panola,6,1774515169,51767071,Mississippi,Panola,Southern
28,117,695779,0500000US28117,28117,Prentiss,6,1074778137,8353594,Mississippi,Prentiss,Southern
28,145,695793,0500000US28145,28145,Union,6,1076399405,3387488,Mississippi,Union,Southern
51,640,1498426,0500000US51640,51640,Galax,25,21340444,103782,,,
13,105,347828,0500000US13105,13105,Elbert,6,909234534,59980940,Georgia,Elbert,Southern
51,750,1498438,0500000US51750,51750,Radford,25,25567009,867992,,,
47,99,1639764,0500000US47099,47099,Lawrence,6,1598356717,2228109,Tennessee,Lawrence,South Central
54,53,1560254,0500000US54053,54053,Mason,6,1115633604,36174216,West Virginia,Mason,North Central
54,77,1558642,0500000US54077,54077,Preston,6,1680406635,6681831,West Virginia,Preston,North Central
28,3,711755,0500000US28003,28003,Alcorn,6,1036100595,3417891,Mississippi,Alcorn,Southern
47,137,1648580,0500000US47137,47137,Pickett,6,422113187,29822859,Tennessee,Pickett,Central
1,7,161529,0500000US01007,1007,Bibb,6,1612481559,9287974,Alabama,Bibb,Southern
47,171,1648582,0500000US47171,47171,Unicoi,6,482165204,850687,Tennessee,Unicoi,South Central
47,179,1639797,0500000US47179,47179,Washington,6,845537289,8635314,Tennessee,Washington,South Central
42,47,1213668,0500000US42047,42047,Elk,6,2142861754,12818644,Pennsylvania,Elk,Northern
42,117,1209189,0500000US42117,42117,Tioga,6,2936469322,8257078,Pennsylvania,Tioga,Northern
42,123,1213691,0500000US42123,42123,Warren,6,2289914221,37352304,Pennsylvania,Warren,Northern
39,119,1074072,0500000US39119,39119,Muskingum,6,1721328071,20657330,Ohio,Muskingum,Northern
39,127,1074076,0500000US39127,39127,Perry,6,1056682414,11653682,Ohio,Perry,North Central
39,157,1074090,0500000US39157,39157,Tuscarawas,6,1470181125,9869084,Ohio,Tuscarawas,Northern
47,7,1639725,0500000US47007,47007,Bledsoe,6,1052635818,838360,Tennessee,Bledsoe,South Central
51,63,1494354,0500000US51063,51063,Floyd,6,986590282,2270014,Virginia,Floyd,South Central
47,27,1648573,0500000US47027,47027,Clay,6,612626437,59071078,Tennessee,Clay,Central
28,69,695758,0500000US28069,28069,Kemper,6,1984360961,2182350,Mississippi,Kemper,Southern
28,97,711757,0500000US28097,28097,Montgomery,6,1054074716,2352280,Mississippi,Montgomery,Southern
51,530,1498417,0500000US51530,51530,Buena Vista,25,17350500,222803,,,
51,580,1789069,0500000US51580,51580,Covington,25,14163308,522024,,,
47,61,1639748,0500000US47061,47061,Grundy,6,933549065,1752165,Tennessee,Grundy,South Central
51,590,1498421,0500000US51590,51590,Danville,25,111287882,2538056,,,
54,51,1717539,0500000US54051,54051,Marshall,6,791063504,17411500,West Virginia,Marshall,Northern
54,79,1550046,0500000US54079,54079,Putnam,6,895440742,12088530,West Virginia,Putnam,North Central
1,127,161589,0500000US01127,1127,Walker,6,2049182057,36258716,Alabama,Walker,Southern
42,131,1209192,0500000US42131,42131,Wyoming,6,1029008281,20034376,Pennsylvania,Wyoming,Northern
47,151,1639788,0500000US47151,47151,Scott,6,1378627287,2414254,Tennessee,Scott,Central
42,109,1213686,0500000US42109,42109,Snyder,6,851462481,7173377,Pennsylvania,Snyder,Northern
13,45,326650,0500000US13045,13045,Carroll,6,1292492346,12284897,Georgia,Carroll,Southern
39,15,1074020,0500000US39015,39015,Brown,6,1269135571,8898051,Ohio,Brown,North Central
47,175,1648584,0500000US47175,47175,Van Buren,6,708142403,2893455,Tennessee,Van Buren,South Central
39,29,1074027,0500000US39029,39029,Columbiana,6,1377697743,7237745,Ohio,Columbiana,Northern
39,145,1074085,0500000US39145,39145,Scioto,6,1580450320,15365075,Ohio,Scioto,North Central
37,197,1008597,0500000US37197,37197,Yadkin,6,867204123,6931829,North Carolina,Yadkin,South Central
42,25,1213664,0500000US42025,42025,Carbon,6,987977576,15349904,Pennsylvania,Carbon,Northern
39,81,1074053,0500000US39081,39081,Jefferson,6,1057248948,7120754,Ohio,Jefferson,Northern
1,79,161565,0500000US01079,1079,Lawrence,6,1788846346,68687359,Alabama,Lawrence,Southern
13,97,1686467,0500000US13097,13097,Douglas,6,518293193,2485429,Georgia,Douglas,Southern
39,141,1074083,0500000US39141,39141,Ross,6,1784987273,9938174,Ohio,Ross,North Central
13,281,351252,0500000US13281,13281,Towns,6,431395520,14037933,Georgia,Towns,Southern
37,9,1008535,0500000US37009,37009,Ashe,6,1103726590,8074535,North Carolina,Ashe,South Central
37,115,1025834,0500000US37115,37115,Madison,6,1164217335,4836812,North Carolina,Madison,South Central
42,103,1213683,0500000US42103,42103,Pike,6,1411441327,56692145,Pennsylvania,Pike,Northern
51,89,1502770,0500000US51089,51089,Henry,6,990258085,5281696,Virginia,Henry + Martinsville city,South Central
13,135,1688166,0500000US13135,13135,Gwinnett,6,1114908667,16358522,Georgia,Gwinnett,Southern
13,119,349324,0500000US13119,13119,Franklin,6,677301813,12803554,Georgia,Franklin,Southern
13,147,1687995,0500000US13147,13147,Hart,6,601903610,63588441,Georgia,Hart,Southern
47,15,1648572,0500000US47015,47015,Cannon,6,687991717,156872,Tennessee,Cannon,South Central
47,111,1639768,0500000US47111,47111,Macon,6,795498386,246690,Tennessee,Macon,Central
51,690,1789072,0500000US51690,51690,Martinsville,25,28376605,133615,,,
13,223,349912,0500000US13223,13223,Paulding,6,808832044,5309331,Georgia,Paulding,Southern
21,61,516877,0500000US21061,21061,Edmonson,6,784468319,13258106,Kentucky,Edmonson,Central
42,85,1213678,0500000US42085,42085,Mercer,6,1741978099,25963051,Pennsylvania,Mercer,Northern
28,17,695733,0500000US28017,28017,Chickasaw,6,1299609263,6380767,Mississippi,Chickasaw,Southern
51,520,1498416,0500000US51520,51520,Bristol,25,33745565,322409,,,
28,139,695790,0500000US28139,28139,Tippah,6,1185725577,5551259,Mississippi,Tippah,Southern
54,35,1559963,0500000US54035,54035,Jackson,6,1202677931,18836096,West Virginia,Jackson,North Central
39,59,1074042,0500000US39059,39059,Guernsey,6,1352631185,15666075,Ohio,Guernsey,Northern
39,75,1074050,0500000US39075,39075,Holmes,6,1094355766,3745335,Ohio,Holmes,Northern
36,101,974148,0500000US36101,36101,Steuben,6,3601566799,34993606,New York,Steuben,Northern
42,15,1213660,0500000US42015,42015,Bradford,6,2971750796,35275587,Pennsylvania,Bradford,Northern
39,115,1074070,0500000US39115,39115,Morgan,6,1078531133,13881789,Ohio,Morgan,North Central
51,678,1789071,0500000US51678,51678,Lexington,25,6467874,68429,,,
42,39,1213666,0500000US42039,42039,Crawford,6,2621846809,65303124,Pennsylvania,Crawford,Northern
54,9,1558262,0500000US54009,54009,Brooke,6,231034166,8714144,West Virginia,Brooke,Northern
42,87,1213679,0500000US42087,42087,Mifflin,6,1064564850,9544799,Pennsylvania,Mifflin,Northern
39,111,1074068,0500000US39111,39111,Monroe,6,1180317769,4495382,Ohio,Monroe,North Central
54,105,1678877,0500000US54105,54105,Wirt,6,602201080,5839706,West Virginia,Wirt,North Central
47,67,1648577,0500000US47067,47067,Hancock,6,575820509,2984310,Tennessee,Hancock,Central
37,67,1008552,0500000US37067,37067,Forsyth,6,1057167073,11709671,North Carolina,Forsyth,South Central
42,57,1213671,0500000US42057,42057,Fulton,6,1133252800,1305486,Pennsylvania,Fulton,Northern
42,93,1213681,0500000US42093,42093,Montour,6,337326238,5407947,Pennsylvania,Montour,Northern
47,11,1639727,0500000US47011,47011,Bradley,6,851489149,6959141,Tennessee,Bradley,South Central
54,29,1560574,0500000US54029,54029,Hancock,6,213957141,13879330,West Virginia,Hancock,Northern
54,91,1689856,0500000US54091,54091,Taylor,6,447475066,7532835,West Virginia,Taylor,North Central
28,93,695770,0500000US28093,28093,Marshall,6,1828989833,9195190,Mississippi,Marshall,Southern
47,51,1639744,0500000US47051,47051,Franklin,6,1436108253,55079773,Tennessee,Franklin,South Central
47,133,1639780,0500000US47133,47133,Overton,6,1122721249,3492728,Tennessee,Overton,Central
39,87,1074056,0500000US39087,39087,Lawrence,6,1174224656,10110032,Ohio,Lawrence,North Central
21,57,516875,0500000US21057,21057,Cumberland,6,790416910,14830126,Kentucky,Cumberland,Central
36,23,974110,0500000US36023,36023,Cortland,6,1291815778,7112822,New York,Cortland,Northern
37,11,1008536,0500000US37011,37011,Avery,6,639940038,375485,North Carolina,Avery,South Central
13,227,1673011,0500000US13227,13227,Pickens,6,601027938,1693768,Georgia,Pickens,Southern
54,21,1689673,0500000US54021,54021,Gilmer,6,876717634,4082111,West Virginia,Gilmer,North Central
54,103,1717836,0500000US54103,54103,Wetzel,6,927380674,8458366,West Virginia,Wetzel,North Central
1,107,161580,0500000US01107,1107,Pickens,6,2282893857,22521211,Alabama,Pickens,Southern
1,43,161547,0500000US01043,1043,Cullman,6,1903376556,52118974,Alabama,Cullman,Southern
21,175,516934,0500000US21175,21175,Morgan,6,987115107,6889992,Kentucky,Morgan,Central
42,49,1209178,0500000US42049,42049,Erie,6,2069952474,1965847842,Pennsylvania,Erie,Northern
37,21,1008538,0500000US37021,37021,Buncombe,6,1700784191,8968963,North Carolina,Buncombe,South Central
28,81,695764,0500000US28081,28081,Lee,6,1165367721,8349354,Mississippi,Lee,Southern
21,197,516945,0500000US21197,21197,Powell,6,463555578,2957592,Kentucky,Powell,Central
13,139,1686953,0500000US13139,13139,Hall,6,1017306098,94561948,Georgia,Hall,Southern
13,213,1688005,0500000US13213,13213,Murray,6,892278138,5719645,Georgia,Murray,Southern
37,43,1008546,0500000US37043,37043,Clay,6,556215917,15199024,North Carolina,Clay,South Central
37,99,1008566,0500000US37099,37099,Jackson,6,1271085173,9779083,North Carolina,Jackson,South Central
51,51,1497376,0500000US51051,51051,Dickenson,6,856108125,8073687,Virginia,Dickenson,Central
54,31,1718557,0500000US54031,54031,Hardy,6,1508195534,5617193,West Virginia,Hardy,North Central
54,85,1689049,0500000US54085,54085,Ritchie,6,1170648310,4425143,West Virginia,Ritchie,North Central
42,27,1214720,0500000US42027,42027,Centre,6,2874687362,7878513,Pennsylvania,Centre,Northern
47,141,1639783,0500000US47141,47141,Putnam,6,1038860605,3777709,Tennessee,Putnam,South Central
13,241,351489,0500000US13241,13241,Rabun,6,958280735,17841177,Georgia,Rabun,Southern
1,9,161530,0500000US01009,1009,Blount,6,1670041875,15077458,Alabama,Blount,Southern
21,89,516891,0500000US21089,21089,Greenup,6,892115249,25894139,Kentucky,Greenup,Central
47,163,1639793,0500000US47163,47163,Sullivan,6,1070725096,42209201,Tennessee,Sullivan,South Central
42,23,1213663,0500000US42023,42023,Cameron,6,1026231717,5664033,Pennsylvania,Cameron,Northern
21,51,516872,0500000US21051,21051,Clay,6,1215348970,4763609,Kentucky,Clay,Central
42,125,1209190,0500000US42125,42125,Washington,6,2219590654,10147672,Pennsylvania,Washington,Northern
21,63,516878,0500000US21063,21063,Elliott,6,606875340,2609005,Kentucky,Elliott,Central
51,91,1673774,0500000US51091,51091,Highland,6,1075249033,1805613,Virginia,Highland,South Central
28,9,695729,0500000US28009,28009,Benton,6,1053131400,5279183,Mississippi,Benton,Southern
1,89,161570,0500000US01089,1089,Madison,6,2076115403,28770844,Alabama,Madison,Southern
47,1,1639722,0500000US47001,47001,Anderson,6,873246897,19770493,Tennessee,Anderson,Central
47,173,1648583,0500000US47173,47173,Union,6,578990166,61092920,Tennessee,Union,Central
54,69,1717163,0500000US54069,54069,Ohio,6,274098955,8274300,West Virginia,Ohio,Northern
54,63,1557702,0500000US54063,54063,Monroe,6,1224422315,2298715,West Virginia,Monroe,North Central
51,155,1501465,0500000US51155,51155,Pulaski,6,828438965,25204366,Virginia,Pulaski,South Central
54,13,1696945,0500000US54013,54013,Calhoun,6,723252434,3704539,West Virginia,Calhoun,North Central
51,5,1673675,0500000US51005,51005,Alleghany,6,1153734179,8510738,Virginia,Alleghany + Clifton Forge city + Covington city,South Central
54,23,1697238,0500000US54023,54023,Grant,6,1236390743,7545524,West Virginia,Grant,North Central
51,35,1480108,0500000US51035,51035,Carroll,6,1229441999,7647531,Virginia,Carroll + Galax city,South Central
1,55,161553,0500000US01055,1055,Etowah,6,1386379576,34562865,Alabama,Etowah,Southern
21,237,516965,0500000US21237,21237,Wolfe,6,575419338,1505210,Kentucky,Wolfe,Central
37,39,1008545,0500000US37039,37039,Cherokee,6,1179560304,29250735,North Carolina,Cherokee,South Central
45,77,1248015,0500000US45077,45077,Pickens,6,1285536060,40612589,South Carolina,Pickens,Southern
47,73,1639752,0500000US47073,47073,Hawkins,6,1261443215,32545400,Tennessee,Hawkins,South Central
